LR_Reviews_RMSE,LR_Reviews_MAE,LR_Reviews_R2,LR_Reviews_MAPE,RF_Reviews_RMSE,RF_Reviews_MAE,RF_Reviews_R2,RF_Reviews_MAPE,LR_Rating_RMSE,LR_Rating_MAE,LR_Rating_R2,LR_Rating_MAPE,RF_Rating_RMSE,RF_Rating_MAE,RF_Rating_R2,RF_Rating_MAPE
2919466.208503354,220925.2600564745,-209.62476400163368,386.69845999860433,141092.8443516651,48553.883498399075,0.5080595848921178,116.32122483639564,1.3098022935574012,1.0361502357545296,0.2903303788814203,21.322998936989475,1.0435859791892617,0.7992815346287475,0.5494933636951971,16.656853162161024
